"","Country","Year","EPI","EPInormalized"
"1","Afghanistan","2018",37.74,-1.45602556299601
"2","Albania","2018",65.46,0.705915024173642
"3","Algeria","2018",57.18,0.0601405630710189
"4","Angola","2018",37.44,-1.47942318839828
"5","Antigua and Barbuda","2018",59.18,0.216124732419479
"6","Argentina","2018",59.3,0.225483782580386
"7","Armenia","2018",62.07,0.441521857128003
"8","Australia","2018",74.12,1.38132647745247
"9","Austria","2018",78.97,1.75958808812249
"10","Azerbaijan","2018",62.33,0.461799799143303
"11","Bahamas","2018",54.99,-0.110662102365544
"12","Bahrain","2018",55.15,-0.0981833688176678
"13","Bangladesh","2018",29.56,-2.09400081563121
"14","Barbados","2018",55.76,-0.0506081971663876
"15","Belarus","2018",64.98,0.668478823530012
"16","Belgium","2018",77.38,1.63558067349046
"17","Belize","2018",57.79,0.107715734722299
"18","Benin","2018",38.17,-1.42248896658609
"19","Bhutan","2018",47.22,-0.716660600284311
"20","Bolivia","2018",55.98,-0.0334499385380572
"21","Bosnia and Herzegovina","2018",41.84,-1.13625801583167
"22","Botswana","2018",51.7,-0.367256060943761
"23","Brazil","2018",60.7,0.334672701124308
"24","Brunei Darussalam","2018",63.57,0.558509984139348
"25","Bulgaria","2018",67.85,0.892316106545051
"26","Burkina Faso","2018",42.83,-1.05904585200418
"27","Burundi","2018",27.43,-2.26012395598732
"28","Cabo Verde","2018",56.94,0.0414224627492036
"29","Cambodia","2018",43.23,-1.02784901813449
"30","Cameroon","2018",40.81,-1.21658986304612
"31","Canada","2018",72.18,1.23002183318447
"32","Central African Republic","2018",36.42,-1.55897511476599
"33","Chad","2018",45.34,-0.863285719471862
"34","Chile","2018",57.49,0.0843181093200303
"35","China","2018",50.74,-0.442128462231021
"36","Colombia","2018",65.22,0.687196923851827
"37","Comoros","2018",44.24,-0.949077012613515
"38","Costa Rica","2018",67.85,0.892316106545051
"39","Côte d'Ivoire","2018",45.25,-0.870305007092543
"40","Croatia","2018",65.45,0.7051351033269
"41","Cuba","2018",63.42,0.546811171438213
"42","Cyprus","2018",72.6,1.26277850874764
"43","Czech Republic","2018",67.68,0.879057452150433
"44","Dem. Rep. Congo","2018",30.41,-2.02770754365811
"45","Denmark","2018",81.6,1.96470727081571
"46","Djibouti","2018",40.04,-1.27664376824528
"47","Dominica","2018",59.38,0.231723149354325
"48","Dominican Republic","2018",64.71,0.647420960667969
"49","Ecuador","2018",57.42,0.0788586633928342
"50","Egypt","2018",61.21,0.374448664308165
"51","El Salvador","2018",53.91,-0.194893553813713
"52","Equatorial Guinea","2018",60.4,0.311275075722039
"53","Eritrea","2018",39.34,-1.33123822751724
"54","Estonia","2018",64.31,0.616224126798278
"55","Ethiopia","2018",44.78,-0.906961286889431
"56","Fiji","2018",53.09,-0.258847063246581
"57","Finland","2018",78.64,1.73385070017999
"58","France","2018",83.95,2.14798866980015
"59","Gabon","2018",45.05,-0.88590342402739
"60","Gambia","2018",42.42,-1.09102260672061
"61","Georgia","2018",55.69,-0.0560676430935838
"62","Germany","2018",78.37,1.71279283731795
"63","Ghana","2018",49.66,-0.52635991367919
"64","Greece","2018",73.6,1.34077059342187
"65","Grenada","2018",50.93,-0.427309966142918
"66","Guatemala","2018",52.33,-0.318121047598996
"67","Guinea","2018",46.62,-0.763455851088849
"68","Guinea-Bissau","2018",44.67,-0.915540416203597
"69","Guyana","2018",47.93,-0.661286220165607
"70","Haiti","2018",33.74,-1.76799390169293
"71","Honduras","2018",51.51,-0.382074557031865
"72","Hungary","2018",65.01,0.670818586070239
"73","Iceland","2018",78.57,1.7283912542528
"74","India","2018",30.57,-2.01522881011024
"75","Indonesia","2018",46.92,-0.740058225686579
"76","Iran","2018",58.16,0.136572806051764
"77","Iraq","2018",43.2,-1.03018878067471
"78","Ireland","2018",78.77,1.74398967118764
"79","Israel","2018",75.01,1.45073943281254
"80","Italy","2018",76.96,1.60282399792729
"81","Jamaica","2018",58.58,0.169329481614941
"82","Japan","2018",74.69,1.42578196571678
"83","Jordan","2018",62.2,0.451660828135653
"84","Kazakhstan","2018",54.56,-0.144198698775463
"85","Kenya","2018",47.25,-0.714320837744084
"86","Kiribati","2018",55.26,-0.0896042395035026
"87","Kuwait","2018",62.28,0.457900194909591
"88","Kyrgyzstan","2018",54.86,-0.120801073373194
"89","Laos","2018",42.94,-1.05046672269001
"90","Latvia","2018",66.12,0.757389800058634
"91","Lebanon","2018",61.08,0.364309693300515
"92","Lesotho","2018",33.78,-1.76487421830596
"93","Liberia","2018",41.62,-1.15341627446
"94","Libya","2018",49.79,-0.51622094267154
"95","Lithuania","2018",69.33,1.00774439186291
"96","Luxembourg","2018",79.12,1.77128690082362
"97","Macedonia","2018",61.06,0.362749851607031
"98","Madagascar","2018",33.73,-1.76877382253967
"99","Malawi","2018",49.21,-0.561456351782593
"100","Malaysia","2018",59.22,0.219244415806448
"101","Maldives","2018",52.14,-0.3329395436871
"102","Mali","2018",43.71,-0.990412817490857
"103","Malta","2018",80.9,1.91011281154375
"104","Mauritania","2018",39.24,-1.33903743598466
"105","Mauritius","2018",56.63,0.0172449165001927
"106","Mexico","2018",59.69,0.255900695603336
"107","Micronesia","2018",49.8,-0.515441021824798
"108","Moldova","2018",51.97,-0.346198198081719
"109","Mongolia","2018",57.51,0.0858779510135146
"110","Montenegro","2018",61.33,0.383807714469073
"111","Morocco","2018",63.47,0.550710775671925
"112","Mozambique","2018",46.37,-0.782953872257406
"113","Myanmar","2018",45.32,-0.864845561165347
"114","Namibia","2018",58.46,0.159970431454033
"115","Nepal","2018",31.44,-1.94737569644366
"116","Netherlands","2018",75.46,1.48583587091594
"117","New Zealand","2018",75.96,1.52483191325306
"118","Nicaragua","2018",55.04,-0.106762498131833
"119","Niger","2018",35.74,-1.61200973234447
"120","Nigeria","2018",54.76,-0.128600281840618
"121","North Korea","2018",NA,NA
"122","Norway","2018",77.49,1.64415980280463
"123","Oman","2018",51.32,-0.396893053119968
"124","Pakistan","2018",37.5,-1.47474366331782
"125","Palau","2018",NA,NA
"126","Panama","2018",62.71,0.49143679131951
"127","Papua New Guinea","2018",39.35,-1.3304583066705
"128","Paraguay","2018",53.93,-0.193333712120228
"129","Peru","2018",61.92,0.429823044426869
"130","Philippines","2018",57.65,0.0967968428679068
"131","Poland","2018",64.11,0.600625709863432
"132","Portugal","2018",71.91,1.20896397032242
"133","Qatar","2018",67.8,0.88841650231134
"134","Republic of Congo","2018",42.39,-1.09336236926084
"135","Romania","2018",64.78,0.652880406595166
"136","Russia","2018",63.79,0.575668242767678
"137","Rwanda","2018",43.68,-0.992752580031084
"138","Saint Lucia","2018",56.18,-0.017851521603211
"139","Saint Vincent and the Grenadines","2018",66.48,0.785466950541357
"140","Samoa","2018",54.5,-0.148878223855917
"141","São Tomé and Príncipe","2018",54.01,-0.18709434534629
"142","Saudi Arabia","2018",57.47,0.0827582676265455
"143","Senegal","2018",49.52,-0.537278805533582
"144","Serbia","2018",57.49,0.0843181093200303
"145","Seychelles","2018",66.02,0.749590591591211
"146","Sierra Leone","2018",42.54,-1.08166355655971
"147","Singapore","2018",64.23,0.60998476002434
"148","Slovakia","2018",70.6,1.10679433939918
"149","Slovenia","2018",67.57,0.870478322836267
"150","Solomon Islands","2018",43.22,-1.02862893898123
"151","Somalia","2018",NA,NA
"152","South Africa","2018",44.73,-0.910860891123143
"153","South Korea","2018",62.3,0.459460036603076
"154","Spain","2018",78.39,1.71435267901143
"155","Sri Lanka","2018",60.61,0.327653413503627
"156","Sudan","2018",51.49,-0.383634398725349
"157","Suriname","2018",54.2,-0.172275849258186
"158","Swaziland","2018",40.32,-1.2548059845365
"159","Sweden","2018",80.51,1.8796958985208
"160","Switzerland","2018",87.42,2.41862120361973
"161","Syria","2018",NA,NA
"162","Taiwan","2018",72.84,1.28149660906946
"163","Tajikistan","2018",47.85,-0.667525586939546
"164","Tanzania","2018",50.83,-0.435109174610341
"165","Thailand","2018",49.88,-0.509201655050859
"166","Timor-Leste","2018",49.54,-0.535718963840097
"167","Togo","2018",41.78,-1.14093754091212
"168","Tonga","2018",62.49,0.47427853269118
"169","Trinidad and Tobago","2018",67.36,0.854099985054679
"170","Tunisia","2018",62.35,0.463359640836787
"171","Turkey","2018",52.96,-0.268986034254231
"172","Turkmenistan","2018",66.1,0.755829958365149
"173","Uganda","2018",44.28,-0.945957329226546
"174","Ukraine","2018",52.87,-0.276005321874912
"175","United Arab Emirates","2018",58.9,0.194286948710694
"176","United Kingdom","2018",79.89,1.83134080602278
"177","United States of America","2018",71.19,1.15280966935698
"178","Uruguay","2018",64.65,0.642741435587517
"179","Uzbekistan","2018",45.88,-0.821169993747778
"180","Vanuatu","2018",44.55,-0.924899466364504
"181","Venezuela","2018",63.89,0.583467451235101
"182","Viet Nam","2018",46.96,-0.73693854229961
"183","Yemen","2018",NA,NA
"184","Zambia","2018",50.97,-0.424190282755949
"185","Zimbabwe","2018",43.41,-1.01381044289313
"186","Afghanistan","2016",37.5,-2.0278298075526
"187","Albania","2016",74.38,0.475656332696674
"188","Algeria","2016",70.28,0.197340357235122
"189","Angola","2016",51.32,-1.08970132441147
"190","Antigua and Barbuda","2016",62.55,-0.327387079427756
"191","Argentina","2016",79.84,0.84629175367718
"192","Armenia","2016",81.6,0.965763977289944
"193","Australia","2016",87.22,1.34726050950797
"194","Austria","2016",86.64,1.30788898127195
"195","Azerbaijan","2016",83.78,1.11374661790121
"196","Bahamas","2016",69.34,0.133531328714669
"197","Bahrain","2016",70.07,0.183085148735871
"198","Bangladesh","2016",41.77,-1.73797390140118
"199","Barbados","2016",54.96,-0.8426110437578
"200","Belarus","2016",82.3,1.01328133895411
"201","Belgium","2016",80.15,0.867335156699883
"202","Belize","2016",73.55,0.419314318152018
"203","Benin","2016",43.66,-1.60967702490793
"204","Bhutan","2016",64.99,-0.161755133055515
"205","Bolivia","2016",71.09,0.252324732875087
"206","Bosnia and Herzegovina","2016",63.28,-0.277833259406552
"207","Botswana","2016",70.72,0.227208413138313
"208","Brazil","2016",78.9,0.782482725156727
"209","Brunei Darussalam","2016",67.86,0.0330660497675716
"210","Bulgaria","2016",83.4,1.08795147871209
"211","Burkina Faso","2016",43.71,-1.6062829276462
"212","Burundi","2016",43.37,-1.62936278902594
"213","Cabo Verde","2016",51.98,-1.04489924055668
"214","Cambodia","2016",51.24,-1.09513188003023
"215","Cameroon","2016",57.13,-0.69530722259888
"216","Canada","2016",85.06,1.2006355078014
"217","Central African Republic","2016",46.46,-1.41960757825126
"218","Chad","2016",37.83,-2.00542876562521
"219","Chile","2016",77.67,0.698987932518261
"220","China","2016",65.1,-0.154288119079717
"221","Colombia","2016",75.93,0.580873347810188
"222","Comoros","2016",49.2,-1.23361104830866
"223","Costa Rica","2016",80.03,0.85918932327174
"224","Côte d'Ivoire","2016",59.89,-0.507953053751592
"225","Croatia","2016",86.98,1.33096884265169
"226","Cuba","2016",79.04,0.791986197489561
"227","Cyprus","2016",80.24,0.87344453177099
"228","Czech Republic","2016",84.67,1.17416154915994
"229","Dem. Rep. Congo","2016",42.05,-1.71896695673552
"230","Denmark","2016",89.21,1.48234558052468
"231","Djibouti","2016",45.29,-1.49902945417566
"232","Dominica","2016",73.25,0.398949734581661
"233","Dominican Republic","2016",75.32,0.539465361217127
"234","Ecuador","2016",66.58,-0.0538228401326203
"235","Egypt","2016",66.45,-0.0626474930131083
"236","El Salvador","2016",68.07,0.0473212582668214
"237","Equatorial Guinea","2016",69.59,0.1505018150233
"238","Eritrea","2016",36.73,-2.08009890538319
"239","Estonia","2016",88.59,1.44025877447927
"240","Ethiopia","2016",45.83,-1.46237320374901
"241","Fiji","2016",75.29,0.537428902860092
"242","Finland","2016",90.68,1.58213204001943
"243","France","2016",88.2,1.41378481583781
"244","Gabon","2016",67.37,-0.000196103397345227
"245","Gambia","2016",52.09,-1.03743222658089
"246","Georgia","2016",64.96,-0.163791591412551
"247","Germany","2016",84.26,1.14632995161378
"248","Ghana","2016",58.89,-0.575834998986117
"249","Greece","2016",85.81,1.25154696672729
"250","Grenada","2016",63.28,-0.277833259406552
"251","Guatemala","2016",69.64,0.153895912285026
"252","Guinea","2016",55.4,-0.812742987854609
"253","Guinea-Bissau","2016",48.2,-1.30149299354319
"254","Guyana","2016",71.14,0.255718830136813
"255","Haiti","2016",43.28,-1.63547216409705
"256","Honduras","2016",69.64,0.153895912285026
"257","Hungary","2016",84.6,1.16940981299352
"258","Iceland","2016",90.51,1.57059210932956
"259","India","2016",53.58,-0.936288128181444
"260","Indonesia","2016",65.85,-0.103376660153824
"261","Iran","2016",66.32,-0.0714721458935972
"262","Iraq","2016",63.97,-0.23099471719473
"263","Ireland","2016",86.6,1.30517370346257
"264","Israel","2016",78.14,0.730892446778488
"265","Italy","2016",84.48,1.16126397956538
"266","Jamaica","2016",77.02,0.65486466811582
"267","Japan","2016",80.59,0.897203212603074
"268","Jordan","2016",72.24,0.33038896989479
"269","Kazakhstan","2016",73.29,0.401665012391042
"270","Kenya","2016",62.49,-0.331459996141827
"271","Kiribati","2016",60.48,-0.467902706063222
"272","Kuwait","2016",64.41,-0.201126661291539
"273","Kyrgyzstan","2016",73.13,0.390803901153518
"274","Laos","2016",50.29,-1.15961972800303
"275","Latvia","2016",85.71,1.24475877220384
"276","Lebanon","2016",69.14,0.119954939667764
"277","Lesotho","2016",47.17,-1.37141139713475
"278","Liberia","2016",43.42,-1.62596869176422
"279","Libya","2016",63.29,-0.277154439954207
"280","Lithuania","2016",85.49,1.22982474425225
"281","Luxembourg","2016",86.58,1.30381606455788
"282","Macedonia","2016",78.02,0.722746613350345
"283","Madagascar","2016",37.1,-2.05498258564641
"284","Malawi","2016",49.69,-1.20034889514375
"285","Malaysia","2016",74.23,0.465474040911496
"286","Maldives","2016",57.1,-0.697343680955916
"287","Mali","2016",41.48,-1.7576596655192
"288","Malta","2016",88.48,1.43279176050348
"289","Mauritania","2016",46.31,-1.42978987003644
"290","Mauritius","2016",70.85,0.236033066018801
"291","Mexico","2016",73.59,0.4220295959614
"292","Micronesia","2016",NA,NA
"293","Moldova","2016",76.69,0.632463626188426
"294","Mongolia","2016",64.39,-0.20248430019623
"295","Montenegro","2016",78.89,0.781803905704382
"296","Morocco","2016",74.18,0.46207994364977
"297","Mozambique","2016",41.82,-1.73457980413946
"298","Myanmar","2016",48.98,-1.24854507626026
"299","Namibia","2016",70.84,0.235354246566456
"300","Nepal","2016",50.21,-1.16505028362179
"301","Netherlands","2016",82.03,0.99495321374079
"302","New Zealand","2016",88,1.4002084267909
"303","Nicaragua","2016",64.19,-0.216060689243135
"304","Niger","2016",37.48,-2.0291874464573
"305","Nigeria","2016",58.27,-0.617921805031522
"306","North Korea","2016",NA,NA
"307","Norway","2016",86.9,1.32553828703293
"308","Oman","2016",60.13,-0.491661386895306
"309","Pakistan","2016",51.42,-1.08291312988802
"310","Palau","2016",NA,NA
"311","Panama","2016",78,0.721388974445654
"312","Papua New Guinea","2016",48.02,-1.3137117436854
"313","Paraguay","2016",70.36,0.202770912853884
"314","Peru","2016",72.95,0.378585151011304
"315","Philippines","2016",73.7,0.429496609937197
"316","Poland","2016",81.26,0.942684115910206
"317","Portugal","2016",88.63,1.44297405228865
"318","Qatar","2016",69.94,0.174260495855383
"319","Republic of Congo","2016",59.56,-0.530354095678985
"320","Romania","2016",83.24,1.07709036747456
"321","Russia","2016",83.52,1.09609731214023
"322","Rwanda","2016",50.34,-1.1562256307413
"323","Saint Lucia","2016",NA,NA
"324","Saint Vincent and the Grenadines","2016",NA,NA
"325","Samoa","2016",70.2,0.19190980161636
"326","São Tomé and Príncipe","2016",48.28,-1.29606243792443
"327","Saudi Arabia","2016",68.63,0.0853351475981555
"328","Senegal","2016",63.73,-0.247286384051016
"329","Serbia","2016",78.67,0.766869877752786
"330","Seychelles","2016",64.92,-0.166506869221931
"331","Sierra Leone","2016",45.98,-1.45219091196383
"332","Singapore","2016",87.04,1.33504175936576
"333","Slovakia","2016",85.42,1.22507300808583
"334","Slovenia","2016",88.98,1.46673273312074
"335","Solomon Islands","2016",46.92,-1.38838188344338
"336","Somalia","2016",27.66,-2.69578814866033
"337","South Africa","2016",70.52,0.213632024091408
"338","South Korea","2016",70.61,0.219741399162515
"339","Spain","2016",88.91,1.46198099695432
"340","Sri Lanka","2016",65.55,-0.123741243724181
"341","Sudan","2016",42.25,-1.70539056768861
"342","Suriname","2016",68.58,0.0819410503364295
"343","Swaziland","2016",60.63,-0.457720414278043
"344","Sweden","2016",90.43,1.5651615537108
"345","Switzerland","2016",86.93,1.32757474538996
"346","Syria","2016",66.91,-0.0314217982052272
"347","Taiwan","2016",74.88,0.509597305313936
"348","Tajikistan","2016",73.05,0.385373345534756
"349","Tanzania","2016",58.34,-0.613170068865105
"350","Thailand","2016",69.54,0.147107717761574
"351","Timor-Leste","2016",55.79,-0.786269029213144
"352","Togo","2016",46.1,-1.44404507853569
"353","Tonga","2016",66.86,-0.0348158954669533
"354","Trinidad and Tobago","2016",74.34,0.472941054887293
"355","Tunisia","2016",77.28,0.672513973876796
"356","Turkey","2016",67.68,0.0208472996253577
"357","Turkmenistan","2016",70.24,0.194625079425741
"358","Uganda","2016",57.56,-0.666117986148035
"359","Ukraine","2016",79.69,0.836109461892001
"360","United Arab Emirates","2016",69.35,0.134210148167013
"361","United Kingdom","2016",87.38,1.3581216207455
"362","United States of America","2016",84.72,1.17755564642166
"363","Uruguay","2016",73.98,0.448503554602864
"364","Uzbekistan","2016",63.67,-0.251359300765088
"365","Vanuatu","2016",57.74,-0.65389923600582
"366","Venezuela","2016",76.23,0.601237931380545
"367","Viet Nam","2016",58.5,-0.602308957627582
"368","Yemen","2016",49.79,-1.19356070062029
"369","Zambia","2016",66.06,-0.089121451654573
"370","Zimbabwe","2016",59.25,-0.551397498701688
"371","Afghanistan","2014",21.57,-1.77332626429234
"372","Albania","2014",54.73,0.246449395497723
"373","Algeria","2014",50.08,-0.0367821128865898
"374","Angola","2014",28.69,-1.33964705145443
"375","Antigua and Barbuda","2014",48.89,-0.109265015032252
"376","Argentina","2014",49.55,-0.0690644138422212
"377","Armenia","2014",61.67,0.669164808011085
"378","Australia","2014",82.4,1.93182914538889
"379","Austria","2014",78.32,1.68331633803233
"380","Azerbaijan","2014",55.47,0.291522796832001
"381","Bahamas","2014",46.58,-0.249967119197363
"382","Bahrain","2014",51.83,0.0698103902687968
"383","Bangladesh","2014",25.61,-1.52724985700791
"384","Barbados","2014",45.5,-0.315749921144687
"385","Belarus","2014",67.69,1.03584301886561
"386","Belgium","2014",66.61,0.97006021691829
"387","Belize","2014",50.46,-0.01363631220142
"388","Benin","2014",32.42,-1.11245274472895
"389","Bhutan","2014",46.86,-0.232912318692501
"390","Bolivia","2014",50.48,-0.0124181121653586
"391","Bosnia and Herzegovina","2014",45.79,-0.298086020621794
"392","Botswana","2014",47.6,-0.187838917358223
"393","Brazil","2014",52.97,0.139247792324306
"394","Brunei Darussalam","2014",66.49,0.962751016701921
"395","Bulgaria","2014",64.01,0.811694212230288
"396","Burkina Faso","2014",40.52,-0.619081730124015
"397","Burundi","2014",25.78,-1.51689515670139
"398","Cabo Verde","2014",44.07,-0.402851223723089
"399","Cambodia","2014",35.44,-0.928504539283652
"400","Cameroon","2014",36.68,-0.852976137047835
"401","Canada","2014",73.14,1.36780252869239
"402","Central African Republic","2014",42.94,-0.471679525760567
"403","Chad","2014",31.02,-1.19772674725326
"404","Chile","2014",69.93,1.17228142290451
"405","China","2014",43,-0.468024925652382
"406","Colombia","2014",50.77,0.00524578835753437
"407","Comoros","2014",31.39,-1.17519004658612
"408","Costa Rica","2014",58.53,0.47790740234942
"409","Côte d'Ivoire","2014",39.72,-0.667809731566478
"410","Croatia","2014",62.23,0.703274409020808
"411","Cuba","2014",55.07,0.26715879611077
"412","Cyprus","2014",66.23,0.946914416233121
"413","Czech Republic","2014",81.47,1.87518284371203
"414","Dem. Rep. Congo","2014",25.01,-1.56379585808976
"415","Denmark","2014",76.92,1.59804233550802
"416","Djibouti","2014",28.52,-1.35000175176095
"417","Dominica","2014",47.08,-0.219512118295824
"418","Dominican Republic","2014",53.24,0.155693492811137
"419","Ecuador","2014",58.54,0.47851650236745
"420","Egypt","2014",61.11,0.635055207001361
"421","El Salvador","2014",43.79,-0.419906024227951
"422","Equatorial Guinea","2014",41.06,-0.586190329150353
"423","Eritrea","2014",25.76,-1.51811335673745
"424","Estonia","2014",74.66,1.46038573143307
"425","Ethiopia","2014",39.43,-0.685473632089371
"426","Fiji","2014",53.08,0.145947892522644
"427","Finland","2014",75.72,1.52495033334433
"428","France","2014",71.05,1.24050062492396
"429","Gabon","2014",46.6,-0.248748919161301
"430","Gambia","2014",29.3,-1.30249195035455
"431","Georgia","2014",47.23,-0.210375618025362
"432","Germany","2014",80.47,1.81427284190895
"433","Ghana","2014",32.07,-1.13377124536003
"434","Greece","2014",73.28,1.37632992894482
"435","Grenada","2014",35.24,-0.940686539644268
"436","Guatemala","2014",48.06,-0.159820316528807
"437","Guinea","2014",28.03,-1.37984765264446
"438","Guinea-Bissau","2014",35.98,-0.89561313830999
"439","Guyana","2014",38.07,-0.768311234541557
"440","Haiti","2014",19.01,-1.92925586890822
"441","Honduras","2014",48.87,-0.110483215068314
"442","Hungary","2014",70.28,1.19359992353559
"443","Iceland","2014",76.5,1.57246013475073
"444","India","2014",31.23,-1.18493564687461
"445","Indonesia","2014",44.36,-0.385187323200196
"446","Iran","2014",51.08,0.0241278889164883
"447","Iraq","2014",33.39,-1.05337004297996
"448","Ireland","2014",74.67,1.4609948314511
"449","Israel","2014",65.78,0.919504915421736
"450","Italy","2014",74.36,1.44211273089214
"451","Jamaica","2014",58.26,0.461461701862589
"452","Japan","2014",72.35,1.31968362726796
"453","Jordan","2014",55.78,0.310404897390955
"454","Kazakhstan","2014",51.07,0.0235187888984576
"455","Kenya","2014",36.99,-0.834094036488881
"456","Kiribati","2014",55.82,0.312841297463078
"457","Kuwait","2014",63.94,0.807430512104072
"458","Kyrgyzstan","2014",40.63,-0.612381629925677
"459","Laos","2014",40.37,-0.628218230394478
"460","Latvia","2014",64.05,0.81413061230241
"461","Lebanon","2014",50.15,-0.0325184127603743
"462","Lesotho","2014",20.81,-1.81961786566268
"463","Liberia","2014",23.95,-1.62836046000102
"464","Libya","2014",42.72,-0.485079726157244
"465","Lithuania","2014",61.26,0.644191707271823
"466","Luxembourg","2014",83.29,1.98603904699363
"467","Macedonia","2014",50.41,-0.0166818122915741
"468","Madagascar","2014",26.7,-1.46085795504255
"469","Malawi","2014",40.06,-0.647100330953431
"470","Malaysia","2014",59.31,0.525417203755821
"471","Maldives","2014",NA,NA
"472","Mali","2014",18.43,-1.96458366995401
"473","Malta","2014",67.42,1.01939731837878
"474","Mauritania","2014",27.19,-1.43101205415905
"475","Mauritius","2014",58.09,0.451107001556066
"476","Mexico","2014",55.03,0.264722396038647
"477","Micronesia","2014",NA,NA
"478","Moldova","2014",53.36,0.163002693027506
"479","Mongolia","2014",44.67,-0.366305222641242
"480","Montenegro","2014",55.52,0.294568296922155
"481","Morocco","2014",51.89,0.0734649903769816
"482","Mozambique","2014",29.97,-1.26168224914649
"483","Myanmar","2014",27.44,-1.41578455370828
"484","Namibia","2014",43.71,-0.424778824372197
"485","Nepal","2014",37,-0.83348493647085
"486","Netherlands","2014",77.75,1.64859763700458
"487","New Zealand","2014",76.41,1.56697823458845
"488","Nicaragua","2014",50.32,-0.0221637124538509
"489","Niger","2014",36.28,-0.877340137769066
"490","Nigeria","2014",39.2,-0.699482932504078
"491","North Korea","2014",NA,NA
"492","Norway","2014",78.04,1.66626153752747
"493","Oman","2014",47.75,-0.178702417087761
"494","Pakistan","2014",34.58,-0.980887140834299
"495","Palau","2014",51.96,0.0777286905031971
"496","Panama","2014",56.84,0.374969499302218
"497","Papua New Guinea","2014",41.09,-0.584363029096261
"498","Paraguay","2014",39.25,-0.696437432413925
"499","Peru","2014",45.05,-0.343159421956072
"500","Philippines","2014",44.02,-0.405896723813242
"501","Poland","2014",69.53,1.14791742218328
"502","Portugal","2014",75.8,1.52982313348858
"503","Qatar","2014",63.03,0.752002410463271
"504","Republic of Congo","2014",39.44,-0.68486453207134
"505","Romania","2014",50.52,-0.00998171209323514
"506","Russia","2014",53.45,0.168484593189783
"507","Rwanda","2014",35.41,-0.930331839337745
"508","Saint Lucia","2014",NA,NA
"509","Saint Vincent and the Grenadines","2014",NA,NA
"510","Samoa","2014",NA,NA
"511","São Tomé and Príncipe","2014",NA,NA
"512","Saudi Arabia","2014",66.66,0.973105717008444
"513","Senegal","2014",40.83,-0.600199629565062
"514","Serbia","2014",69.13,1.12355342146205
"515","Seychelles","2014",55.56,0.297004696994278
"516","Sierra Leone","2014",21.74,-1.76297156398582
"517","Singapore","2014",81.78,1.89406494427098
"518","Slovakia","2014",74.45,1.44759463105442
"519","Slovenia","2014",76.43,1.56819643462452
"520","Solomon Islands","2014",31.63,-1.16057164615338
"521","Somalia","2014",15.47,-2.14487727529112
"522","South Africa","2014",53.51,0.172139193297968
"523","South Korea","2014",63.79,0.79829401183361
"524","Spain","2014",79.79,1.77285404068286
"525","Sri Lanka","2014",53.88,0.194675893965107
"526","Sudan","2014",24.64,-1.58633255875689
"527","Suriname","2014",53.57,0.175793793406153
"528","Swaziland","2014",37.35,-0.812166435839773
"529","Sweden","2014",78.09,1.66930703761763
"530","Switzerland","2014",87.67,2.25282485489111
"531","Syria","2014",54.5,0.232440095083015
"532","Taiwan","2014",62.18,0.700228908930654
"533","Tajikistan","2014",31.34,-1.17823554667627
"534","Tanzania","2014",36.19,-0.882822037931344
"535","Thailand","2014",52.83,0.130720392071875
"536","Timor-Leste","2014",39.41,-0.686691832125432
"537","Togo","2014",27.91,-1.38715685286083
"538","Tonga","2014",61.68,0.669773908029116
"539","Trinidad and Tobago","2014",52.28,0.0972198910801821
"540","Tunisia","2014",58.99,0.505926003178836
"541","Turkey","2014",54.91,0.257413195822277
"542","Turkmenistan","2014",45.07,-0.341941221920011
"543","Uganda","2014",39.18,-0.70070113254014
"544","Ukraine","2014",49.01,-0.101955814815883
"545","United Arab Emirates","2014",72.91,1.35379322827768
"546","United Kingdom","2014",77.35,1.62423363628335
"547","United States of America","2014",67.52,1.02548831855909
"548","Uruguay","2014",53.61,0.178230193478276
"549","Uzbekistan","2014",43.23,-0.454015625237674
"550","Vanuatu","2014",45.88,-0.292604120459517
"551","Venezuela","2014",57.8,0.433443101033173
"552","Viet Nam","2014",38.17,-0.762220234361249
"553","Yemen","2014",30.16,-1.2501093488039
"554","Zambia","2014",41.72,-0.545989727960322
"555","Zimbabwe","2014",49.54,-0.0696735138602518
"556","Afghanistan","2012",NA,NA
"557","Albania","2012",65.85,1.3281444916804
"558","Algeria","2012",48.56,-0.4445182245827
"559","Angola","2012",47.57,-0.546018287572894
"560","Antigua and Barbuda","2012",NA,NA
"561","Argentina","2012",56.48,0.367482279338857
"562","Armenia","2012",47.48,-0.555245566026549
"563","Australia","2012",56.61,0.380810570438579
"564","Austria","2012",68.92,1.64289721226615
"565","Azerbaijan","2012",43.11,-1.00328119760953
"566","Bahamas","2012",NA,NA
"567","Bahrain","2012",NA,NA
"568","Bangladesh","2012",42.55,-1.06069537465449
"569","Barbados","2012",NA,NA
"570","Belarus","2012",53.88,0.100916457344407
"571","Belgium","2012",63.02,1.03799784697105
"572","Belize","2012",NA,NA
"573","Benin","2012",50.38,-0.257922149186584
"574","Bhutan","2012",NA,NA
"575","Bolivia","2012",54.57,0.171658925489088
"576","Bosnia and Herzegovina","2012",36.76,-1.6543169551729
"577","Botswana","2012",53.74,0.0865629130831671
"578","Brazil","2012",60.9,0.820644176729423
"579","Brunei Darussalam","2012",62.49,0.983659429410645
"580","Bulgaria","2012",56.28,0.346977216108515
"581","Burkina Faso","2012",NA,NA
"582","Burundi","2012",NA,NA
"583","Cabo Verde","2012",NA,NA
"584","Cambodia","2012",55.29,0.24547715311832
"585","Cameroon","2012",42.97,-1.01763474187077
"586","Canada","2012",58.41,0.56535613951166
"587","Central African Republic","2012",NA,NA
"588","Chad","2012",NA,NA
"589","Chile","2012",55.34,0.250603418925906
"590","China","2012",42.24,-1.09247822266152
"591","Colombia","2012",62.33,0.96725537882637
"592","Comoros","2012",NA,NA
"593","Costa Rica","2012",69.03,1.65417499704284
"594","Côte d'Ivoire","2012",53.55,0.0670831030143413
"595","Croatia","2012",64.16,1.154876707384
"596","Cuba","2012",56.48,0.367482279338857
"597","Cyprus","2012",57.15,0.436174241160504
"598","Czech Republic","2012",64.79,1.21946765655958
"599","Dem. Rep. Congo","2012",47.49,-0.554220312865031
"600","Denmark","2012",63.61,1.09848778350056
"601","Djibouti","2012",NA,NA
"602","Dominica","2012",NA,NA
"603","Dominican Republic","2012",52.44,-0.0467199979140586
"604","Ecuador","2012",60.55,0.784760316076323
"605","Egypt","2012",55.18,0.234199368341632
"606","El Salvador","2012",52.08,-0.0836291117286748
"607","Equatorial Guinea","2012",NA,NA
"608","Eritrea","2012",38.39,-1.48720068984561
"609","Estonia","2012",56.09,0.32749740603969
"610","Ethiopia","2012",52.71,-0.0190381625530961
"611","Fiji","2012",NA,NA
"612","Finland","2012",64.44,1.18358379590648
"613","France","2012",69,1.65109923755829
"614","Gabon","2012",57.91,0.514093481435804
"615","Gambia","2012",NA,NA
"616","Georgia","2012",56.84,0.404391393153474
"617","Germany","2012",66.91,1.43682132680121
"618","Ghana","2012",47.5,-0.553195059703514
"619","Greece","2012",60.04,0.732472404838951
"620","Grenada","2012",NA,NA
"621","Guatemala","2012",51.88,-0.104134174959017
"622","Guinea","2012",NA,NA
"623","Guinea-Bissau","2012",NA,NA
"624","Guyana","2012",NA,NA
"625","Haiti","2012",41.15,-1.20423081726688
"626","Honduras","2012",52.54,-0.0364674662988873
"627","Hungary","2012",57.12,0.433098481675952
"628","Iceland","2012",66.28,1.37223037762563
"629","India","2012",36.23,-1.70865537273331
"630","Indonesia","2012",52.29,-0.0620987953368152
"631","Iran","2012",42.73,-1.04224081774718
"632","Iraq","2012",25.32,-2.82720657194848
"633","Ireland","2012",NA,NA
"634","Israel","2012",54.64,0.178835697619707
"635","Italy","2012",NA,NA
"636","Jamaica","2012",54.36,0.150128609097228
"637","Japan","2012",63.36,1.07285645446263
"638","Jordan","2012",42.16,-1.10068024795366
"639","Kazakhstan","2012",32.94,-2.04596366287244
"640","Kenya","2012",49.28,-0.370699996953467
"641","Kiribati","2012",NA,NA
"642","Kuwait","2012",35.54,-1.77939784087799
"643","Kyrgyzstan","2012",46.33,-0.673149679601017
"644","Laos","2012",NA,NA
"645","Latvia","2012",70.37,1.79155892068613
"646","Lebanon","2012",47.35,-0.568573857126271
"647","Lesotho","2012",NA,NA
"648","Liberia","2012",NA,NA
"649","Libya","2012",37.68,-1.55999366431332
"650","Lithuania","2012",65.5,1.2922606310273
"651","Luxembourg","2012",69.2,1.67160430078863
"652","Macedonia","2012",46.96,-0.608558730425439
"653","Madagascar","2012",NA,NA
"654","Malawi","2012",NA,NA
"655","Malaysia","2012",62.51,0.985709935733678
"656","Maldives","2012",NA,NA
"657","Mali","2012",NA,NA
"658","Malta","2012",48.51,-0.449644490390286
"659","Mauritania","2012",NA,NA
"660","Mauritius","2012",NA,NA
"661","Mexico","2012",49.11,-0.388129300699258
"662","Micronesia","2012",NA,NA
"663","Moldova","2012",45.21,-0.787978033690934
"664","Mongolia","2012",45.37,-0.77157398310666
"665","Montenegro","2012",NA,NA
"666","Morocco","2012",45.76,-0.731589109807493
"667","Mozambique","2012",47.82,-0.520386958534967
"668","Myanmar","2012",52.72,-0.0180129093915792
"669","Namibia","2012",50.68,-0.227164554341071
"670","Nepal","2012",57.97,0.520245000404907
"671","Netherlands","2012",65.65,1.30763942845005
"672","New Zealand","2012",66.05,1.34864955491074
"673","Nicaragua","2012",59.23,0.649426898756064
"674","Niger","2012",NA,NA
"675","Nigeria","2012",40.14,-1.30778138658011
"676","North Korea","2012",NA,NA
"677","Norway","2012",69.92,1.74542252841786
"678","Oman","2012",44,-0.912033666234505
"679","Pakistan","2012",39.56,-1.36724606994811
"680","Palau","2012",NA,NA
"681","Panama","2012",57.94,0.517169240920356
"682","Papua New Guinea","2012",NA,NA
"683","Paraguay","2012",52.4,-0.050821010560127
"684","Peru","2012",50.29,-0.267149427640239
"685","Philippines","2012",57.4,0.461805570198432
"686","Poland","2012",63.47,1.08413423923932
"687","Portugal","2012",57.64,0.486411646074843
"688","Qatar","2012",46.59,-0.646493097401572
"689","Republic of Congo","2012",47.18,-0.586003160872062
"690","Romania","2012",48.34,-0.467073794136076
"691","Russia","2012",45.43,-0.765422464137558
"692","Rwanda","2012",NA,NA
"693","Saint Lucia","2012",NA,NA
"694","Saint Vincent and the Grenadines","2012",NA,NA
"695","Samoa","2012",NA,NA
"696","São Tomé and Príncipe","2012",NA,NA
"697","Saudi Arabia","2012",49.97,-0.299957528808786
"698","Senegal","2012",46.73,-0.632139553140333
"699","Serbia","2012",46.14,-0.692629489669842
"700","Seychelles","2012",NA,NA
"701","Sierra Leone","2012",NA,NA
"702","Singapore","2012",56.36,0.355179241400651
"703","Slovakia","2012",66.62,1.40708898511721
"704","Slovenia","2012",62.25,0.959053353534234
"705","Solomon Islands","2012",NA,NA
"706","Somalia","2012",NA,NA
"707","South Africa","2012",34.55,-1.88089790386818
"708","South Korea","2012",57.2,0.44130050696809
"709","Spain","2012",60.31,0.760154240199913
"710","Sri Lanka","2012",55.72,0.289563039063556
"711","Sudan","2012",46,-0.706983033931082
"712","Suriname","2012",NA,NA
"713","Swaziland","2012",NA,NA
"714","Sweden","2012",68.82,1.63264468065098
"715","Switzerland","2012",76.69,2.43951891876495
"716","Syria","2012",42.75,-1.04019031142414
"717","Taiwan","2012",62.23,0.957002847211199
"718","Tajikistan","2012",38.78,-1.44721581654644
"719","Tanzania","2012",54.26,0.139876077482057
"720","Thailand","2012",59.98,0.726320885869848
"721","Timor-Leste","2012",NA,NA
"722","Togo","2012",48.66,-0.434265692967529
"723","Tonga","2012",NA,NA
"724","Trinidad and Tobago","2012",47.04,-0.600356705133302
"725","Tunisia","2012",46.66,-0.639316325270953
"726","Turkey","2012",44.8,-0.830013413313136
"727","Turkmenistan","2012",31.75,-2.16796878909297
"728","Uganda","2012",NA,NA
"729","Ukraine","2012",46.31,-0.675200185924051
"730","United Arab Emirates","2012",50.91,-0.203583731626178
"731","United Kingdom","2012",68.82,1.63264468065098
"732","United States of America","2012",56.59,0.378760064115546
"733","Uruguay","2012",57.06,0.42694696270685
"734","Uzbekistan","2012",32.24,-2.11773138417864
"735","Vanuatu","2012",NA,NA
"736","Venezuela","2012",55.62,0.279310507448385
"737","Viet Nam","2012",50.64,-0.231265566987139
"738","Yemen","2012",35.49,-1.78452410668557
"739","Zambia","2012",55.56,0.273158988479282
"740","Zimbabwe","2012",52.76,-0.0139118967455108
"741","Afghanistan","2010",NA,NA
"742","Albania","2010",71.4244849512523,1.05007730367074
"743","Algeria","2010",67.4123647361856,0.7255848871521
"744","Angola","2010",36.3483791805902,-1.78680935811049
"745","Antigua and Barbuda","2010",69.792456702743,0.918082058813238
"746","Argentina","2010",61.0467694418264,0.210748020627162
"747","Armenia","2010",60.443640895589,0.16196816634837
"748","Australia","2010",65.6556165945926,0.583502541877542
"749","Austria","2010",78.1343901212908,1.59276127785981
"750","Azerbaijan","2010",59.0758515467071,0.0513440456053262
"751","Bahamas","2010",NA,NA
"752","Bahrain","2010",41.9613390111321,-1.33284417222328
"753","Bangladesh","2010",43.9524516000589,-1.17180688996159
"754","Barbados","2010",NA,NA
"755","Belarus","2010",65.3691866492946,0.560336649498741
"756","Belgium","2010",58.070163007548,-0.0299940716104396
"757","Belize","2010",69.9281061804877,0.929053122608279
"758","Benin","2010",39.591345664794,-1.52452458728122
"759","Bhutan","2010",68.0188082994816,0.774632853510911
"760","Bolivia","2010",44.3374534724046,-1.14066869339098
"761","Bosnia and Herzegovina","2010",55.8689707985287,-0.208022181646719
"762","Botswana","2010",41.3113212413852,-1.38541633496485
"763","Brazil","2010",63.4054714140302,0.401515211483872
"764","Brunei Darussalam","2010",60.7509281605777,0.186820957849267
"765","Bulgaria","2010",62.5322954695382,0.330894453110249
"766","Burkina Faso","2010",47.2871675924521,-0.902101598801202
"767","Burundi","2010",43.9054465020435,-1.17560857012721
"768","Cabo Verde","2010",NA,NA
"769","Cambodia","2010",41.6893553556846,-1.3548416770035
"770","Cameroon","2010",44.6229849959504,-1.11757546360198
"771","Canada","2010",66.4367848913993,0.646681902103752
"772","Central African Republic","2010",33.342031211544,-2.02995688736654
"773","Chad","2010",40.8471819584337,-1.42295501014227
"774","Chile","2010",73.3427554061569,1.20522325695269
"775","China","2010",49.0047313805654,-0.76318840720818
"776","Colombia","2010",76.7738948306159,1.48272708624325
"777","Comoros","2010",NA,NA
"778","Costa Rica","2010",86.3966327946988,2.26099526568738
"779","Côte d'Ivoire","2010",54.2500747235354,-0.338955322058212
"780","Croatia","2010",68.650909974641,0.825755997649936
"781","Cuba","2010",78.1314005490728,1.59251948712041
"782","Cyprus","2010",56.2636239919012,-0.176103405154597
"783","Czech Republic","2010",71.6206629309816,1.06594379402939
"784","Dem. Rep. Congo","2010",51.6350012323107,-0.550457338711328
"785","Denmark","2010",69.1538307034702,0.86643124013202
"786","Djibouti","2010",60.5437117232997,0.170061698686938
"787","Dominica","2010",NA,NA
"788","Dominican Republic","2010",68.4413171164315,0.808804538222065
"789","Ecuador","2010",69.342541875905,0.881693829756696
"790","Egypt","2010",62.0039841842468,0.288165672204209
"791","El Salvador","2010",69.0737589040818,0.859955189992503
"792","Equatorial Guinea","2010",41.9024893085544,-1.33760382078244
"793","Eritrea","2010",54.6301591756086,-0.308214836797766
"794","Estonia","2010",63.8033314932285,0.433693354613915
"795","Ethiopia","2010",43.1411433325653,-1.23742391192217
"796","Fiji","2010",65.9107573007368,0.604137821941709
"797","Finland","2010",74.7406507603632,1.31828229237819
"798","France","2010",78.2184280191803,1.59955809826986
"799","Gabon","2010",56.44361100394,-0.161546408517478
"800","Gambia","2010",50.3232147596278,-0.656552056631006
"801","Georgia","2010",63.6442744475864,0.420829132622036
"802","Germany","2010",73.2218902063182,1.19544791656748
"803","Ghana","2010",51.3339131359191,-0.574808753610666
"804","Greece","2010",60.8661552802906,0.196140301368364
"805","Grenada","2010",NA,NA
"806","Guatemala","2010",53.9722830922511,-0.361422564536539
"807","Guinea","2010",44.3691757693387,-1.13810305621216
"808","Guinea-Bissau","2010",44.6684623882897,-1.1138973412761
"809","Guyana","2010",59.2460927606226,0.0651128211986044
"810","Haiti","2010",39.4952101059265,-1.53229984279155
"811","Honduras","2010",49.871760455026,-0.693064795630663
"812","Hungary","2010",69.1139546049657,0.863206139469165
"813","Iceland","2010",93.480247236697,2.83390411306899
"814","India","2010",48.3461901990127,-0.816449926784937
"815","Indonesia","2010",44.6143197093683,-1.1182762949909
"816","Iran","2010",59.964388759629,0.123207193251059
"817","Iraq","2010",40.9976263305088,-1.41078736430181
"818","Ireland","2010",67.1060502502788,0.700810772116041
"819","Israel","2010",62.4274645217373,0.322415931591848
"820","Italy","2010",73.0539583048854,1.18186591363998
"821","Jamaica","2010",58.0379093744334,-0.0326026822177586
"822","Japan","2010",72.5407902431402,1.14036188696337
"823","Jordan","2010",56.1125112018855,-0.188325111327539
"824","Kazakhstan","2010",57.3028353820834,-0.0920540254756
"825","Kenya","2010",51.3875663061833,-0.570469390396289
"826","Kiribati","2010",NA,NA
"827","Kuwait","2010",51.1254941233572,-0.591665274704093
"828","Kyrgyzstan","2010",59.676295214831,0.0999067522064798
"829","Laos","2010",59.6033401887231,0.0940062927361897
"830","Latvia","2010",72.5136682291709,1.13816831165108
"831","Lebanon","2010",57.912162524622,-0.042772840881419
"832","Lesotho","2010",NA,NA
"833","Liberia","2010",NA,NA
"834","Libya","2010",50.1426228129928,-0.671157979192183
"835","Lithuania","2010",68.3283923962217,0.799671408260514
"836","Luxembourg","2010",67.832458407005,0.759561239579544
"837","Macedonia","2010",60.6261729290625,0.176730999329159
"838","Madagascar","2010",49.1674034829325,-0.750031806516346
"839","Malawi","2010",51.4493398010376,-0.565473271250407
"840","Malaysia","2010",64.9859459873364,0.529340896171106
"841","Maldives","2010",65.9385179450904,0.606383048427342
"842","Mali","2010",39.42563027114,-1.53792732340543
"843","Malta","2010",76.3341778530511,1.44716363924123
"844","Mauritania","2010",33.6652507305569,-2.00381552639819
"845","Mauritius","2010",80.5844447601525,1.79091689328265
"846","Mexico","2010",67.3415666860606,0.719858879670172
"847","Micronesia","2010",NA,NA
"848","Moldova","2010",58.8262540871598,0.0311570924573959
"849","Mongolia","2010",42.7950780985095,-1.26541298953011
"850","Montenegro","2010",69.4,0.886340930176619
"851","Morocco","2010",65.6126463365323,0.580027191656465
"852","Mozambique","2010",51.224672880109,-0.583643891315617
"853","Myanmar","2010",51.2991814990384,-0.577617780304019
"854","Namibia","2010",59.2765642856504,0.0675772983980032
"855","Nepal","2010",68.2360276419,0.792201128028519
"856","Netherlands","2010",66.3554203596838,0.640101298308252
"857","New Zealand","2010",73.359836714281,1.20660475966282
"858","Nicaragua","2010",57.0533949012169,-0.112228282495612
"859","Niger","2010",37.5686997979363,-1.68811221923536
"860","Nigeria","2010",40.190848420359,-1.47603797984301
"861","North Korea","2010",41.8137434187665,-1.34478141434637
"862","Norway","2010",81.1321266011876,1.83521232675781
"863","Oman","2010",45.8726626572713,-1.01650398456988
"864","Pakistan","2010",47.9645023702589,-0.847320090007605
"865","Palau","2010",NA,NA
"866","Panama","2010",71.366499687745,1.0453875692487
"867","Papua New Guinea","2010",44.2962204499915,-1.14400353939907
"868","Paraguay","2010",63.5115817712268,0.410097209125687
"869","Peru","2010",69.2768944798497,0.876384397077151
"870","Philippines","2010",65.6846474422565,0.585850499916453
"871","Poland","2010",63.1098648775101,0.377607134399367
"872","Portugal","2010",72.9844967010545,1.17624799531398
"873","Qatar","2010",48.8864402860793,-0.772755558999466
"874","Republic of Congo","2010",53.9677025112146,-0.361793032949726
"875","Romania","2010",67.0087244794369,0.692939254594849
"876","Russia","2010",61.2128934729138,0.224183806545773
"877","Rwanda","2010",44.6084941900834,-1.1187474515687
"878","Saint Lucia","2010",NA,NA
"879","Saint Vincent and the Grenadines","2010",NA,NA
"880","Samoa","2010",NA,NA
"881","São Tomé and Príncipe","2010",57.3416217262707,-0.0889170620052639
"882","Saudi Arabia","2010",55.3203241065011,-0.252395650378397
"883","Senegal","2010",42.2756514358175,-1.30742319958019
"884","Serbia","2010",69.3714088074824,0.884028530583918
"885","Seychelles","2010",NA,NA
"886","Sierra Leone","2010",32.1171916429175,-2.12901951016102
"887","Singapore","2010",69.6363499024463,0.905456446880414
"888","Slovakia","2010",74.4556330940153,1.29523062235185
"889","Slovenia","2010",64.9509471092998,0.526510255537038
"890","Solomon Islands","2010",51.1023865786567,-0.593534167613015
"891","Somalia","2010",NA,NA
"892","South Africa","2010",50.7851320064083,-0.619193095382396
"893","South Korea","2010",57.044868223217,-0.112917903494174
"894","Spain","2010",70.6164964165073,0.984728775185933
"895","Sri Lanka","2010",63.7143570723058,0.426497277899879
"896","Sudan","2010",47.0943678823947,-0.917694861332489
"897","Suriname","2010",68.1777176449311,0.787485129800805
"898","Swaziland","2010",54.3930391241155,-0.327392641646453
"899","Sweden","2010",86.048132330731,2.23280923145886
"900","Switzerland","2010",89.0928275281863,2.47905820936207
"901","Syria","2010",64.5809212415138,0.496583288852096
"902","Taiwan","2010",NA,NA
"903","Tajikistan","2010",51.2872067091784,-0.578586277829189
"904","Tanzania","2010",47.9033861016879,-0.852263053980302
"905","Thailand","2010",62.1548736523451,0.300369316538335
"906","Timor-Leste","2010",NA,NA
"907","Togo","2010",36.4325901575952,-1.77999853940094
"908","Tonga","2010",NA,NA
"909","Trinidad and Tobago","2010",54.2470960008926,-0.339196235305246
"910","Tunisia","2010",60.5806846782099,0.173051998788015
"911","Turkey","2010",60.3975434628727,0.158239896372499
"912","Turkmenistan","2010",38.3947622115156,-1.62130191086749
"913","Uganda","2010",49.7706572553212,-0.701241824191966
"914","Ukraine","2010",58.217706247688,-0.0180610636327054
"915","United Arab Emirates","2010",40.6704204467,-1.43725113463888
"916","United Kingdom","2010",74.2377305254034,1.2776070898393
"917","United States of America","2010",63.4751628641996,0.407151719331078
"918","Uruguay","2010",59.1051743316812,0.053715614961491
"919","Uzbekistan","2010",42.2687778747808,-1.30797911972
"920","Vanuatu","2010",NA,NA
"921","Venezuela","2010",62.8998936218757,0.360625070929685
"922","Viet Nam","2010",58.9993931375147,0.0451602393801681
"923","Yemen","2010",48.3127821781972,-0.819151902006122
"924","Zambia","2010",47.0048127236389,-0.924937906983826
"925","Zimbabwe","2010",47.8176191916421,-0.85919971350351
"926","Afghanistan","2008",NA,NA
"927","Albania","2008",83.9509850770351,0.947186210786544
"928","Algeria","2008",76.9747213324142,0.399520191509094
"929","Angola","2008",39.4946614889725,-2.54282200313134
"930","Antigua and Barbuda","2008",NA,NA
"931","Argentina","2008",81.7837440959685,0.777048686695531
"932","Armenia","2008",77.7546167598247,0.460745259800402
"933","Australia","2008",79.827427383393,0.623469604017029
"934","Austria","2008",89.4315034832462,1.37742993564869
"935","Azerbaijan","2008",72.1727599257356,0.022546042510299
"936","Bahamas","2008",NA,NA
"937","Bahrain","2008",NA,NA
"938","Bangladesh","2008",57.9981683778997,-1.0902189577913
"939","Barbados","2008",NA,NA
"940","Belarus","2008",80.4749491660204,0.67430278493861
"941","Belgium","2008",78.4148246995411,0.512574357362639
"942","Belize","2008",71.7368932958078,-0.0116713195171179
"943","Benin","2008",56.0835694426759,-1.24052301964322
"944","Bhutan","2008",NA,NA
"945","Bolivia","2008",64.6897546032833,-0.564901320032346
"946","Bosnia and Herzegovina","2008",79.7341721104827,0.616148673220684
"947","Botswana","2008",68.6625015493471,-0.2530239906775
"948","Brazil","2008",82.6511027685552,0.845139987267073
"949","Brunei Darussalam","2008",NA,NA
"950","Bulgaria","2008",78.4725547693479,0.517106410433034
"951","Burkina Faso","2008",44.336184629927,-2.16274209174744
"952","Burundi","2008",54.6642618825259,-1.35194462726193
"953","Cabo Verde","2008",NA,NA
"954","Cambodia","2008",53.7713017980373,-1.42204574624881
"955","Cameroon","2008",63.7950641512696,-0.635138280141215
"956","Canada","2008",86.6396288437612,1.15825604456589
"957","Central African Republic","2008",56.0495254082376,-1.24319561940486
"958","Chad","2008",45.8898682429962,-2.0407713993059
"959","Chile","2008",83.4437109742704,0.907363062076334
"960","China","2008",65.0822880521356,-0.534085794811995
"961","Colombia","2008",88.304925263022,1.28898881130751
"962","Comoros","2008",NA,NA
"963","Costa Rica","2008",90.4536205024415,1.45767041674719
"964","Côte d'Ivoire","2008",65.1991249746463,-0.52491360542833
"965","Croatia","2008",84.647053956718,1.00183054282929
"966","Cuba","2008",80.7355718203671,0.694762758480986
"967","Cyprus","2008",79.1894797577735,0.573388034652635
"968","Czech Republic","2008",76.7956923759155,0.385465666116954
"969","Dem. Rep. Congo","2008",47.3279196197575,-1.92787832331883
"970","Denmark","2008",83.9919955113769,0.950405702214478
"971","Djibouti","2008",50.5264201524567,-1.67678259091467
"972","Dominica","2008",NA,NA
"973","Dominican Republic","2008",83.0082532500504,0.873177800865264
"974","Ecuador","2008",84.3569136342705,0.979053308303258
"975","Egypt","2008",76.2809446616456,0.345055807498331
"976","El Salvador","2008",77.1974842156216,0.4170080139245
"977","Equatorial Guinea","2008",NA,NA
"978","Eritrea","2008",59.4479025443654,-0.976408733719567
"979","Estonia","2008",85.1559680576825,1.04178243828971
"980","Ethiopia","2008",58.8444576772572,-1.02378169155497
"981","Fiji","2008",69.7039325557612,-0.171267280422
"982","Finland","2008",91.4378734647886,1.53493841027257
"983","France","2008",87.7532402129759,1.24567921661413
"984","Gabon","2008",77.2636936432928,0.422205732218806
"985","Gambia","2008",NA,NA
"986","Georgia","2008",82.1763200510034,0.807867548829834
"987","Germany","2008",86.3093493158066,1.13232771373648
"988","Ghana","2008",70.7819806173386,-0.0866359774657278
"989","Greece","2008",80.1649705451234,0.649968160620733
"990","Grenada","2008",NA,NA
"991","Guatemala","2008",76.6514057603177,0.374138560478153
"992","Guinea","2008",51.315352490204,-1.61484808718745
"993","Guinea-Bissau","2008",49.7211097938536,-1.74000283810202
"994","Guyana","2008",64.8318780104661,-0.553744035344254
"995","Haiti","2008",60.6918352458902,-0.878754789454856
"996","Honduras","2008",75.3922352180768,0.275288381685497
"997","Hungary","2008",84.2369646469899,0.969636808757785
"998","Iceland","2008",87.5696944037315,1.23127009930095
"999","India","2008",60.2752140518557,-0.911461303892391
"1000","Indonesia","2008",66.1924939241122,-0.44692996860736
"1001","Iran","2008",76.8612377979084,0.390611257175261
"1002","Iraq","2008",53.9305630676676,-1.40954306734267
"1003","Ireland","2008",82.7389859685584,0.852039187765939
"1004","Israel","2008",79.5853223050668,0.604463338005941
"1005","Italy","2008",84.223451409831,0.968575962856126
"1006","Jamaica","2008",79.0789899441802,0.564714119990505
"1007","Japan","2008",84.5383546681662,0.99329719190698
"1008","Jordan","2008",76.5481718929506,0.366034268085373
"1009","Kazakhstan","2008",64.9501057843949,-0.544462658279697
"1010","Kenya","2008",69.014172075241,-0.225416376621619
"1011","Kiribati","2008",NA,NA
"1012","Kuwait","2008",64.5378544308901,-0.576826121872913
"1013","Kyrgyzstan","2008",69.6324357902128,-0.176880076957868
"1014","Laos","2008",66.3099078729929,-0.437712480228897
"1015","Latvia","2008",88.8111800505462,1.32873193948802
"1016","Lebanon","2008",70.2909023273779,-0.125187686813547
"1017","Lesotho","2008",NA,NA
"1018","Liberia","2008",NA,NA
"1019","Libya","2008",NA,NA
"1020","Lithuania","2008",86.2162043651984,1.12501544370444
"1021","Luxembourg","2008",83.0663802289521,0.877741012967482
"1022","Macedonia","2008",75.0908566811371,0.251628900097132
"1023","Madagascar","2008",54.5762635847942,-1.35885286341614
"1024","Malawi","2008",59.9108782249107,-0.940063197302309
"1025","Malaysia","2008",83.97839775408,0.949338221126821
"1026","Maldives","2008",NA,NA
"1027","Mali","2008",44.3047991256422,-2.16520598572047
"1028","Malta","2008",NA,NA
"1029","Mauritania","2008",44.1933101032874,-2.17395834246921
"1030","Mauritius","2008",78.0834413152885,0.486559369175265
"1031","Mexico","2008",79.8015854925236,0.621440906992212
"1032","Micronesia","2008",NA,NA
"1033","Moldova","2008",70.7430074519286,-0.0896955347216003
"1034","Mongolia","2008",68.1133141079962,-0.29613751259297
"1035","Montenegro","2008",NA,NA
"1036","Morocco","2008",72.0860930252288,0.0157423266329755
"1037","Mozambique","2008",53.9382639465201,-1.40893851599248
"1038","Myanmar","2008",65.1237893507311,-0.530827768477459
"1039","Namibia","2008",70.6238283239876,-0.0990515970738498
"1040","Nepal","2008",72.0981324734688,0.0166874739114132
"1041","Netherlands","2008",78.7307200287758,0.537373468147937
"1042","New Zealand","2008",88.8971690680599,1.33548243870182
"1043","Nicaragua","2008",73.4190294735128,0.120383439025607
"1044","Niger","2008",39.0543974355611,-2.57738458138086
"1045","Nigeria","2008",56.1563418268024,-1.23481008168863
"1046","North Korea","2008",NA,NA
"1047","Norway","2008",93.1184754784477,1.6668727304909
"1048","Oman","2008",70.2697351040877,-0.12684940278973
"1049","Pakistan","2008",58.6679822146691,-1.03763575694495
"1050","Palau","2008",NA,NA
"1051","Panama","2008",83.0646317744307,0.877603751940279
"1052","Papua New Guinea","2008",64.7850206711236,-0.557422533384329
"1053","Paraguay","2008",77.6686523083541,0.453996689124218
"1054","Peru","2008",78.0790063983105,0.486211209556295
"1055","Philippines","2008",77.936578086197,0.475029988549886
"1056","Poland","2008",80.4940570554349,0.675802834551915
"1057","Portugal","2008",85.7515511544691,1.0885382141185
"1058","Qatar","2008",NA,NA
"1059","Republic of Congo","2008",NA,NA
"1060","Romania","2008",71.9271864213721,0.00326749048042829
"1061","Russia","2008",83.8505437819071,0.939301147049349
"1062","Rwanda","2008",54.8762310121694,-1.33530415985829
"1063","Saint Lucia","2008",NA,NA
"1064","Saint Vincent and the Grenadines","2008",NA,NA
"1065","Samoa","2008",NA,NA
"1066","São Tomé and Príncipe","2008",NA,NA
"1067","Saudi Arabia","2008",72.8250400604599,0.0737527740668086
"1068","Senegal","2008",62.8306299168001,-0.71085042024688
"1069","Serbia","2008",NA,NA
"1070","Seychelles","2008",NA,NA
"1071","Sierra Leone","2008",40.0436138373592,-2.49972693700145
"1072","Singapore","2008",NA,NA
"1073","Slovakia","2008",86.0302692021696,1.11041875207876
"1074","Slovenia","2008",86.3006387313719,1.13164389625515
"1075","Solomon Islands","2008",52.2659582656643,-1.5402215392233
"1076","Somalia","2008",NA,NA
"1077","South Africa","2008",68.977177508387,-0.228320605576473
"1078","South Korea","2008",79.3587358052021,0.586675345615517
"1079","Spain","2008",83.1391103309444,0.883450631596864
"1080","Sri Lanka","2008",79.5258903347316,0.599797678592421
"1081","Sudan","2008",55.5424103040395,-1.28300628605945
"1082","Suriname","2008",NA,NA
"1083","Swaziland","2008",61.340316166706,-0.82784631215504
"1084","Sweden","2008",93.1224157565884,1.66718205888259
"1085","Switzerland","2008",95.5109950291012,1.8546955689494
"1086","Syria","2008",68.1786017563694,-0.291012157847013
"1087","Taiwan","2008",80.8329195022311,0.702404960577124
"1088","Tajikistan","2008",72.341151940339,0.0357655232656048
"1089","Tanzania","2008",63.8702122612242,-0.629238837725955
"1090","Thailand","2008",79.1511148961733,0.570376231802017
"1091","Timor-Leste","2008",NA,NA
"1092","Togo","2008",62.2979091711022,-0.752671237358022
"1093","Tonga","2008",NA,NA
"1094","Trinidad and Tobago","2008",70.3553259766586,-0.120130159627008
"1095","Tunisia","2008",78.0828758843518,0.486514980470707
"1096","Turkey","2008",75.8951326782949,0.314767945564478
"1097","Turkmenistan","2008",71.2755029406896,-0.0478924012265686
"1098","Uganda","2008",61.588322878277,-0.808376743134673
"1099","Ukraine","2008",74.1027153959022,0.174055656885739
"1100","United Arab Emirates","2008",63.9858118186435,-0.620163786701561
"1101","United Kingdom","2008",86.3056322765148,1.13203591053251
"1102","United States of America","2008",81.0251183660809,0.717493379038285
"1103","Uruguay","2008",82.2915825094549,0.816916136168714
"1104","Uzbekistan","2008",64.9521640677536,-0.544301074386819
"1105","Vanuatu","2008",NA,NA
"1106","Venezuela","2008",80.0458613755207,0.640617590292017
"1107","Viet Nam","2008",73.9118931300616,0.159075307152975
"1108","Yemen","2008",49.6939361935003,-1.74213607991737
"1109","Zambia","2008",55.1267514668788,-1.31563725143842
"1110","Zimbabwe","2008",69.2783116850139,-0.204680307299504
"1111","Afghanistan","2006",NA,NA
"1112","Albania","2006",68.9,0.314977019192702
"1113","Algeria","2006",66.2,0.123689605710377
"1114","Angola","2006",39.3,-1.782099810095
"1115","Antigua and Barbuda","2006",NA,NA
"1116","Argentina","2006",77.7,0.938432292764722
"1117","Armenia","2006",63.8,-0.0463436507183558
"1118","Australia","2006",80.1,1.10846554919345
"1119","Austria","2006",85.2,1.46978621910451
"1120","Azerbaijan","2006",55.7,-0.620205891165329
"1121","Bahamas","2006",NA,NA
"1122","Bahrain","2006",NA,NA
"1123","Bangladesh","2006",43.5,-1.48454161134472
"1124","Barbados","2006",NA,NA
"1125","Belarus","2006",NA,NA
"1126","Belgium","2006",75.9,0.810907350443173
"1127","Belize","2006",NA,NA
"1128","Benin","2006",58.4,-0.428918477683005
"1129","Bhutan","2006",NA,NA
"1130","Bolivia","2006",63.4,-0.0746825267898112
"1131","Bosnia and Herzegovina","2006",NA,NA
"1132","Botswana","2006",NA,NA
"1133","Brazil","2006",77,0.888839259639675
"1134","Brunei Darussalam","2006",NA,NA
"1135","Bulgaria","2006",72,0.534603308746482
"1136","Burkina Faso","2006",43.2,-1.50579576839831
"1137","Burundi","2006",51.6,-0.910679370897747
"1138","Cabo Verde","2006",NA,NA
"1139","Cambodia","2006",49.8,-1.0382043132193
"1140","Cameroon","2006",54.1,-0.733561395451151
"1141","Canada","2006",84,1.38476959089015
"1142","Central African Republic","2006",57.3,-0.506850386879507
"1143","Chad","2006",30.5,-2.40555508366702
"1144","Chile","2006",78.9,1.02344892097909
"1145","China","2006",56.2,-0.584782296076009
"1146","Colombia","2006",80.4,1.12971970624705
"1147","Comoros","2006",NA,NA
"1148","Costa Rica","2006",81.6,1.21473633446141
"1149","Côte d'Ivoire","2006",57.5,-0.492680948843779
"1150","Croatia","2006",NA,NA
"1151","Cuba","2006",75.3,0.768399036335989
"1152","Cyprus","2006",78.4,0.98802532588977
"1153","Czech Republic","2006",86,1.52646397124742
"1154","Dem. Rep. Congo","2006",46.3,-1.28616947884453
"1155","Denmark","2006",84.2,1.39893902892587
"1156","Djibouti","2006",NA,NA
"1157","Dominica","2006",NA,NA
"1158","Dominican Republic","2006",69.5,0.357485333299885
"1159","Ecuador","2006",75.5,0.782568474371717
"1160","Egypt","2006",57.9,-0.464342072772324
"1161","El Salvador","2006",63,-0.103021402861267
"1162","Equatorial Guinea","2006",NA,NA
"1163","Eritrea","2006",NA,NA
"1164","Estonia","2006",NA,NA
"1165","Ethiopia","2006",36.7,-1.96630250455946
"1166","Fiji","2006",NA,NA
"1167","Finland","2006",87,1.59731116142606
"1168","France","2006",82.5,1.27849880562219
"1169","Gabon","2006",73.3,0.626704655978712
"1170","Gambia","2006",52.3,-0.861086337772701
"1171","Georgia","2006",61.4,-0.216376907147089
"1172","Germany","2006",79.4,1.05887251606841
"1173","Ghana","2006",63.1,-0.0959366838434026
"1174","Greece","2006",80.2,1.11555026821132
"1175","Grenada","2006",NA,NA
"1176","Guatemala","2006",68.9,0.314977019192702
"1177","Guinea","2006",49.2,-1.08071262732648
"1178","Guinea-Bissau","2006",46.1,-1.30033891688026
"1179","Guyana","2006",NA,NA
"1180","Haiti","2006",48.9,-1.10196678438007
"1181","Honduras","2006",70.8,0.449586680532115
"1182","Hungary","2006",77.1,0.895923978657538
"1183","Iceland","2006",82.1,1.25015992955073
"1184","India","2006",47.7,-1.18698341259444
"1185","Indonesia","2006",60.7,-0.265969940272135
"1186","Iran","2006",70,0.392908928389204
"1187","Iraq","2006",NA,NA
"1188","Ireland","2006",83.3,1.3351765577651
"1189","Israel","2006",73.7,0.655043532050168
"1190","Italy","2006",79.8,1.08721139213986
"1191","Jamaica","2006",74.7,0.725890722228806
"1192","Japan","2006",81.9,1.235990491515
"1193","Jordan","2006",66,0.10952016767465
"1194","Kazakhstan","2006",63.6,-0.0605130887540832
"1195","Kenya","2006",56.4,-0.570612858040282
"1196","Kiribati","2006",NA,NA
"1197","Kuwait","2006",NA,NA
"1198","Kyrgyzstan","2006",60.5,-0.280139378307863
"1199","Laos","2006",52.9,-0.818578023665517
"1200","Latvia","2006",NA,NA
"1201","Lebanon","2006",76.7,0.867585102586084
"1202","Lesotho","2006",NA,NA
"1203","Liberia","2006",51,-0.953187685004931
"1204","Libya","2006",NA,NA
"1205","Lithuania","2006",NA,NA
"1206","Luxembourg","2006",NA,NA
"1207","Macedonia","2006",NA,NA
"1208","Madagascar","2006",48.6,-1.12322094143366
"1209","Malawi","2006",56.5,-0.563528139022418
"1210","Malaysia","2006",83.3,1.3351765577651
"1211","Maldives","2006",NA,NA
"1212","Mali","2006",33.9,-2.16467463705965
"1213","Malta","2006",NA,NA
"1214","Mauritania","2006",32,-2.29928429839907
"1215","Mauritius","2006",NA,NA
"1216","Mexico","2006",64.8,0.0245035394602829
"1217","Micronesia","2006",NA,NA
"1218","Moldova","2006",62.9,-0.11010612187913
"1219","Mongolia","2006",48.8,-1.10905150339794
"1220","Montenegro","2006",NA,NA
"1221","Morocco","2006",64.1,-0.0250894936647644
"1222","Mozambique","2006",45.7,-1.32867779295172
"1223","Myanmar","2006",57,-0.528104543933099
"1224","Namibia","2006",56.5,-0.563528139022418
"1225","Nepal","2006",60.2,-0.301393535361455
"1226","Netherlands","2006",78.7,1.00927948294336
"1227","New Zealand","2006",88,1.6681583516047
"1228","Nicaragua","2006",69.2,0.336231176246294
"1229","Niger","2006",25.7,-2.74562159652449
"1230","Nigeria","2006",44.5,-1.41369442116608
"1231","North Korea","2006",NA,NA
"1232","Norway","2006",80.2,1.11555026821132
"1233","Oman","2006",67.9,0.244129829014063
"1234","Pakistan","2006",41.1,-1.65457486777345
"1235","Palau","2006",NA,NA
"1236","Panama","2006",76.5,0.853415664550356
"1237","Papua New Guinea","2006",55.5,-0.634375329201057
"1238","Paraguay","2006",66.4,0.137859043746105
"1239","Peru","2006",65.4,0.0670118535674667
"1240","Philippines","2006",69.4,0.350400614282021
"1241","Poland","2006",76.2,0.832161507496764
"1242","Portugal","2006",82.9,1.30683768169364
"1243","Qatar","2006",NA,NA
"1244","Republic of Congo","2006",49.4,-1.06654318929075
"1245","Romania","2006",56.9,-0.535189262950963
"1246","Russia","2006",77.5,0.924262854728994
"1247","Rwanda","2006",57,-0.528104543933099
"1248","Saint Lucia","2006",NA,NA
"1249","Saint Vincent and the Grenadines","2006",NA,NA
"1250","Samoa","2006",NA,NA
"1251","São Tomé and Príncipe","2006",NA,NA
"1252","Saudi Arabia","2006",68.3,0.272468705085518
"1253","Senegal","2006",52.2,-0.868171056790564
"1254","Serbia","2006",NA,NA
"1255","Seychelles","2006",NA,NA
"1256","Sierra Leone","2006",49.5,-1.05945847027289
"1257","Singapore","2006",NA,NA
"1258","Slovakia","2006",79.1,1.03761835901482
"1259","Slovenia","2006",77.5,0.924262854728994
"1260","Solomon Islands","2006",NA,NA
"1261","Somalia","2006",NA,NA
"1262","South Africa","2006",62,-0.173868593039905
"1263","South Korea","2006",75.2,0.761314317318126
"1264","Spain","2006",79.2,1.04470307803268
"1265","Sri Lanka","2006",64.6,0.010334101424555
"1266","Sudan","2006",44,-1.4491180162554
"1267","Suriname","2006",73,0.60545049892512
"1268","Swaziland","2006",53.9,-0.747730833486879
"1269","Sweden","2006",87.8,1.65398891356897
"1270","Switzerland","2006",81.4,1.20056689642569
"1271","Syria","2006",55.3,-0.648544767236785
"1272","Taiwan","2006",79.1,1.03761835901482
"1273","Tajikistan","2006",48.2,-1.15155981750512
"1274","Tanzania","2006",59,-0.386410163575821
"1275","Thailand","2006",66.8,0.16619791981756
"1276","Timor-Leste","2006",NA,NA
"1277","Togo","2006",52.8,-0.825662742683381
"1278","Tonga","2006",NA,NA
"1279","Trinidad and Tobago","2006",76.9,0.881754540621812
"1280","Tunisia","2006",60,-0.315562973397183
"1281","Turkey","2006",72.8,0.591281060889392
"1282","Turkmenistan","2006",52.3,-0.861086337772701
"1283","Uganda","2006",60.8,-0.258885221254272
"1284","Ukraine","2006",71.2,0.477925556603571
"1285","United Arab Emirates","2006",73.2,0.619619936960848
"1286","United Kingdom","2006",85.6,1.49812509517597
"1287","United States of America","2006",78.5,0.995110044907633
"1288","Uruguay","2006",NA,NA
"1289","Uzbekistan","2006",52.3,-0.861086337772701
"1290","Vanuatu","2006",NA,NA
"1291","Venezuela","2006",74.1,0.683382408121622
"1292","Viet Nam","2006",54.3,-0.719391957415423
"1293","Yemen","2006",45.2,-1.36410138804103
"1294","Zambia","2006",54.4,-0.712307238397559
"1295","Zimbabwe","2006",63,-0.103021402861267
